<?xml version="1.0" encoding="UTF-8"?>
<!DOCTYPE look-and-feel PUBLIC "-//Liferay//DTD Look and Feel 5.0.0//EN" "http://www.liferay.com/dtd/liferay-look-and-feel_5_0_0.dtd">

<look-and-feel>
	<compatibility>
		<version>6.0+</version>
	</compatibility>
	<theme id="FPM-theme" name="FPM-theme">
		<layout-templates>
			<custom>
				<layout-template id="home" name="Home">
					<template-path>/layouttpl/custom/home.tpl</template-path>
					<wap-template-path>/layouttpl/custom/home.tpl</wap-template-path>
					<thumbnail-path>/layouttpl/custom/home.png</thumbnail-path>
				</layout-template>
			</custom>
		</layout-templates>
	</theme>
</look-and-feel>