<?xml version="1.0"?>
<!DOCTYPE plugin-package PUBLIC "-//Liferay//DTD Plugin Package 6.0.0//EN" "http://www.liferay.com/dtd/liferay-plugin-package_6_0_0.dtd">

<plugin-package>
	<name>fpm-package</name>
	<module-id>liferay/fpm/6.0.1.1/war</module-id>
	<types>
		<type>theme</type>
	</types>
	<tags></tags>
	<short-description></short-description>
	<long-description></long-description>
	<change-log></change-log>
	<page-url>http://www.liferay.com</page-url>
	<author>Liferay, Inc.</author>
	<licenses>
		<license osi-approved="true">LGPL</license>
	</licenses>
	<liferay-versions>
		<liferay-version>6.0.1+</liferay-version>
	</liferay-versions>
</plugin-package>